idNJM50GCOQTPV	None	None	None	None
idJ6MZUZ1RULBM	idBR3EY9W2Q3JR	idNJM50GCOQTPV	358.837037037037	None
idBR3EY9W2Q3JR	idJ6MZUZ1RULBM	idNJM50GCOQTPV	358.837037037037	None
idVJMIK12L49B8	id411IAXXOG0LB	idJ6MZUZ1RULBM	299.40489432703004	None
id411IAXXOG0LB	idVJMIK12L49B8	idJ6MZUZ1RULBM	299.40489432703004	None
id0M2PFBAPRLNX	idA2NEYFLC1JPP	idBR3EY9W2Q3JR	264.7426556991775	None
idA2NEYFLC1JPP	id0M2PFBAPRLNX	idBR3EY9W2Q3JR	264.7426556991775	None
id2A3101GPZGJF	idA8GGSQ6LHLHW	idVJMIK12L49B8	242.3007623007623	None
idA8GGSQ6LHLHW	id2A3101GPZGJF	idVJMIK12L49B8	242.3007623007623	None
129.0	id232BF7XYQBML	id411IAXXOG0LB	299.8571428571429	2.0
id232BF7XYQBML	129.0	id411IAXXOG0LB	299.8571428571429	None
idTOBTX8SX4FN3	idH6B4DEUM85JM	id0M2PFBAPRLNX	166.13333333333333	None
idH6B4DEUM85JM	idTOBTX8SX4FN3	id0M2PFBAPRLNX	166.13333333333333	None
idIKML4WZK70TD	idPL4JE9592B7T	idA2NEYFLC1JPP	273.2888888888889	None
idPL4JE9592B7T	idIKML4WZK70TD	idA2NEYFLC1JPP	273.2888888888889	None
id711F0NKN7KJB	id1AQ3GSOKZ2YF	id2A3101GPZGJF	209.19552337063857	None
id1AQ3GSOKZ2YF	id711F0NKN7KJB	id2A3101GPZGJF	209.19552337063857	None
151.0	idFSAZ5NF03FH6	idA8GGSQ6LHLHW	252.66666666666666	3.0
idFSAZ5NF03FH6	151.0	idA8GGSQ6LHLHW	252.66666666666666	None
103.0	id803XZFSB32YH	id232BF7XYQBML	194.22222222222223	2.0
id803XZFSB32YH	103.0	id232BF7XYQBML	194.22222222222223	None
168.0	idXGIERO85I8WH	idTOBTX8SX4FN3	84.57142857142856	5.0
idXGIERO85I8WH	168.0	idTOBTX8SX4FN3	84.57142857142856	None
idENXGOOL7TGLT	id1SQUW4QIIGGE	idH6B4DEUM85JM	174.66666666666666	None
id1SQUW4QIIGGE	idENXGOOL7TGLT	idH6B4DEUM85JM	174.66666666666666	None
idD1XFCSVBC4AT	idUXS60NVNL87F	idIKML4WZK70TD	130.52747252747253	None
idUXS60NVNL87F	idD1XFCSVBC4AT	idIKML4WZK70TD	130.52747252747253	None
idJ8S3T3Y4DRU6	idQKPRX0UJWRDP	idPL4JE9592B7T	283.75	None
idQKPRX0UJWRDP	idJ8S3T3Y4DRU6	idPL4JE9592B7T	283.75	None
idRVCV3D63OT5Z	id0VMT3SNWTANB	id711F0NKN7KJB	213.0344827586207	None
id0VMT3SNWTANB	idRVCV3D63OT5Z	id711F0NKN7KJB	213.0344827586207	None
idQ203N3I2PK50	id71MPVX3P5B73	id1AQ3GSOKZ2YF	183.87692307692308	None
id71MPVX3P5B73	idQ203N3I2PK50	id1AQ3GSOKZ2YF	183.87692307692308	None
idCO0VIMGXXUND	idSHB4787XPDVA	idFSAZ5NF03FH6	170.0	None
idSHB4787XPDVA	idCO0VIMGXXUND	idFSAZ5NF03FH6	170.0	None
idHK48J7SSRKAY	idVV6G8L8QRZ4E	id803XZFSB32YH	179.52380952380952	None
idVV6G8L8QRZ4E	idHK48J7SSRKAY	id803XZFSB32YH	179.52380952380952	None
id8NWV4XOWUKPZ	idV1EKLUASHAII	idXGIERO85I8WH	54.0	None
idV1EKLUASHAII	id8NWV4XOWUKPZ	idXGIERO85I8WH	54.0	None
170.0	idLIVING1ZZN0I	idENXGOOL7TGLT	96.5	5.0
idLIVING1ZZN0I	170.0	idENXGOOL7TGLT	96.5	None
106.0	idZZ8NQX04D6TZ	id1SQUW4QIIGGE	205.6	2.0
idZZ8NQX04D6TZ	106.0	id1SQUW4QIIGGE	205.6	None
idETBDKMJ3XO8Y	idSF8J79HZK0B2	idD1XFCSVBC4AT	116.33333333333331	None
idSF8J79HZK0B2	idETBDKMJ3XO8Y	idD1XFCSVBC4AT	116.33333333333331	None
idIMGVUFA1SW1L	idZH3NPPMH2CEV	idUXS60NVNL87F	81.51111111111112	None
idZH3NPPMH2CEV	idIMGVUFA1SW1L	idUXS60NVNL87F	81.51111111111112	None
190.0	id92FUMYGLGV60	idJ8S3T3Y4DRU6	221.71428571428572	7.0
id92FUMYGLGV60	190.0	idJ8S3T3Y4DRU6	221.71428571428572	None
172.0	171.0	idQKPRX0UJWRDP	24.0	5.0
171.0	172.0	idQKPRX0UJWRDP	24.0	5.0
95.0	idM3PI0OZRUGP0	idRVCV3D63OT5Z	264.0	2.0
idM3PI0OZRUGP0	95.0	idRVCV3D63OT5Z	264.0	None
51.0	idB1K5OFTAH5OB	id0VMT3SNWTANB	168.0	1.0
idB1K5OFTAH5OB	51.0	id0VMT3SNWTANB	168.0	None
idVEVROZO2L9J9	idL0C0MQV0GRI5	idQ203N3I2PK50	172.34567901234567	None
idL0C0MQV0GRI5	idVEVROZO2L9J9	idQ203N3I2PK50	172.34567901234567	None
159.0	idKISJXKTYUG7E	id71MPVX3P5B73	166.22222222222223	3.0
idKISJXKTYUG7E	159.0	id71MPVX3P5B73	166.22222222222223	None
61.0	36.0	idCO0VIMGXXUND	24.0	1.0
36.0	61.0	idCO0VIMGXXUND	24.0	1.0
idY5LG2I1V52AG	idIRNTPC4RVFFC	idSHB4787XPDVA	152.66666666666666	None
idIRNTPC4RVFFC	idY5LG2I1V52AG	idSHB4787XPDVA	152.66666666666666	None
id367T5CZ86E2B	idJ8XHC2B0TEPG	idHK48J7SSRKAY	154.47272727272727	None
idJ8XHC2B0TEPG	id367T5CZ86E2B	idHK48J7SSRKAY	154.47272727272727	None
id7EJ7HTMGMLY4	idCXISBOU39ME7	idVV6G8L8QRZ4E	130.0	None
idCXISBOU39ME7	id7EJ7HTMGMLY4	idVV6G8L8QRZ4E	130.0	None
idG3SVXOGVYFON	idSFNSJ4EYPPDE	id8NWV4XOWUKPZ	52.666666666666686	None
idSFNSJ4EYPPDE	idG3SVXOGVYFON	id8NWV4XOWUKPZ	52.666666666666686	None
167.0	169.0	idV1EKLUASHAII	24.0	5.0
169.0	167.0	idV1EKLUASHAII	24.0	5.0
idTNBAB4QZUJV3	idVNK7BDZ3TY3V	idLIVING1ZZN0I	79.33333333333331	None
idVNK7BDZ3TY3V	idTNBAB4QZUJV3	idLIVING1ZZN0I	79.33333333333331	None
idY8Z6GLROA9PH	idBWNOOVDZCEM7	idZZ8NQX04D6TZ	212.66666666666666	None
idBWNOOVDZCEM7	idY8Z6GLROA9PH	idZZ8NQX04D6TZ	212.66666666666666	None
id0J87DDPL13RZ	idTU1SYS876A9M	idETBDKMJ3XO8Y	116.0	None
idTU1SYS876A9M	id0J87DDPL13RZ	idETBDKMJ3XO8Y	116.0	None
id08IINX3UMY9Q	id89O30UKSN6C2	idSF8J79HZK0B2	145.4	None
id89O30UKSN6C2	id08IINX3UMY9Q	idSF8J79HZK0B2	145.4	None
idFVFAVDNQWXWP	idJX5QDERWUFH6	idIMGVUFA1SW1L	59.14285714285717	None
idJX5QDERWUFH6	idFVFAVDNQWXWP	idIMGVUFA1SW1L	59.14285714285717	None
idNN781N2B1KT9	idJLYML0IK8EV4	idZH3NPPMH2CEV	44.666666666666686	None
idJLYML0IK8EV4	idNN781N2B1KT9	idZH3NPPMH2CEV	44.666666666666686	None
177.0	idH8O77MXIUVMI	id92FUMYGLGV60	130.0	6.0
idH8O77MXIUVMI	177.0	id92FUMYGLGV60	130.0	None
id76378K3AN4WA	idF5CU500WCZMO	idM3PI0OZRUGP0	164.67654320987654	None
idF5CU500WCZMO	id76378K3AN4WA	idM3PI0OZRUGP0	164.67654320987654	None
102.0	idD34A89V0I22E	idB1K5OFTAH5OB	118.0	2.0
idD34A89V0I22E	102.0	idB1K5OFTAH5OB	118.0	None
idUDDTA2JE7VPX	idSXNUW93A8IZR	idVEVROZO2L9J9	132.44444444444446	None
idSXNUW93A8IZR	idUDDTA2JE7VPX	idVEVROZO2L9J9	132.44444444444446	None
146.0	idHK455RR21927	idL0C0MQV0GRI5	159.3846153846154	3.0
idHK455RR21927	146.0	idL0C0MQV0GRI5	159.3846153846154	None
id9T86563SWHZI	id4R45C3X3LR8I	idKISJXKTYUG7E	121.39999999999998	None
id4R45C3X3LR8I	id9T86563SWHZI	idKISJXKTYUG7E	121.39999999999998	None
71.0	id6P67QAIEW2J0	idY5LG2I1V52AG	137.60000000000002	2.0
id6P67QAIEW2J0	71.0	idY5LG2I1V52AG	137.60000000000002	None
117.0	idVUXLT58P5C9Q	idIRNTPC4RVFFC	85.33333333333331	2.0
idVUXLT58P5C9Q	117.0	idIRNTPC4RVFFC	85.33333333333331	None
50.0	id3EFJEPFI3UPY	id367T5CZ86E2B	185.33333333333334	1.0
id3EFJEPFI3UPY	50.0	id367T5CZ86E2B	185.33333333333334	None
69.0	id49XPY0MSNMOT	idJ8XHC2B0TEPG	98.80000000000001	1.0
id49XPY0MSNMOT	69.0	idJ8XHC2B0TEPG	98.80000000000001	None
66.0	68.0	id7EJ7HTMGMLY4	12.0	1.0
68.0	66.0	id7EJ7HTMGMLY4	12.0	1.0
67.0	idGWGGVLUF11QV	idCXISBOU39ME7	165.33333333333334	1.0
idGWGGVLUF11QV	67.0	idCXISBOU39ME7	165.33333333333334	None
109.0	idXO0NEJKII2CU	idG3SVXOGVYFON	58.0	2.0
idXO0NEJKII2CU	109.0	idG3SVXOGVYFON	58.0	None
175.0	108.0	idSFNSJ4EYPPDE	56.0	5.0
108.0	175.0	idSFNSJ4EYPPDE	56.0	2.0
107.0	id4BH24P35214D	idTNBAB4QZUJV3	82.39999999999998	2.0
id4BH24P35214D	107.0	idTNBAB4QZUJV3	82.39999999999998	None
173.0	131.0	idVNK7BDZ3TY3V	36.0	5.0
131.0	173.0	idVNK7BDZ3TY3V	36.0	2.0
130.0	idKNZNMHUADZ1L	idY8Z6GLROA9PH	230.0	2.0
idKNZNMHUADZ1L	130.0	idY8Z6GLROA9PH	230.0	None
165.0	164.0	idBWNOOVDZCEM7	164.0	5.0
164.0	165.0	idBWNOOVDZCEM7	164.0	5.0
210.0	189.0	id0J87DDPL13RZ	176.0	7.0
189.0	210.0	id0J87DDPL13RZ	176.0	7.0
213.0	206.0	idTU1SYS876A9M	28.0	7.0
206.0	213.0	idTU1SYS876A9M	28.0	7.0
211.0	id41LUMDVE1HQR	id08IINX3UMY9Q	30.0	7.0
id41LUMDVE1HQR	211.0	id08IINX3UMY9Q	30.0	None
212.0	idYYENAXFJS0RC	id89O30UKSN6C2	170.66666666666666	7.0
idYYENAXFJS0RC	212.0	id89O30UKSN6C2	170.66666666666666	None
idIILA3HN1ZK9Y	id2X10C41TWLI5	idFVFAVDNQWXWP	89.0	None
id2X10C41TWLI5	idIILA3HN1ZK9Y	idFVFAVDNQWXWP	89.0	None
199.0	198.0	idJX5QDERWUFH6	36.0	7.0
198.0	199.0	idJX5QDERWUFH6	36.0	7.0
204.0	idAMS36BHMD5LJ	idNN781N2B1KT9	16.0	7.0
idAMS36BHMD5LJ	204.0	idNN781N2B1KT9	16.0	None
200.0	202.0	idJLYML0IK8EV4	28.0	7.0
202.0	200.0	idJLYML0IK8EV4	28.0	7.0
idD299WK7W2PZX	idMUOVBP4WGECK	idH8O77MXIUVMI	105.0	None
idMUOVBP4WGECK	idD299WK7W2PZX	idH8O77MXIUVMI	105.0	None
idPPEO1V4LM2CH	id1UXTXQEC1TKQ	id76378K3AN4WA	129.3888888888889	None
id1UXTXQEC1TKQ	idPPEO1V4LM2CH	id76378K3AN4WA	129.3888888888889	None
idIKU4DCLSBB39	id21Z83AGK8CGN	idF5CU500WCZMO	151.42105263157896	None
id21Z83AGK8CGN	idIKU4DCLSBB39	idF5CU500WCZMO	151.42105263157896	None
101.0	144.0	idD34A89V0I22E	84.0	2.0
144.0	101.0	idD34A89V0I22E	84.0	2.0
152.0	idEXUB9LZFJE23	idUDDTA2JE7VPX	116.0	3.0
idEXUB9LZFJE23	152.0	idUDDTA2JE7VPX	116.0	None
idSSV2TXFTY344	idT022ZK8A3VH2	idSXNUW93A8IZR	110.66666666666669	None
idT022ZK8A3VH2	idSSV2TXFTY344	idSXNUW93A8IZR	110.66666666666669	None
idIEOMH2OKBEJU	idKF77HDK98BBM	idHK455RR21927	105.72781065088759	None
idKF77HDK98BBM	idIEOMH2OKBEJU	idHK455RR21927	105.72781065088759	None
id3D9JJDT6B0RL	idN323FPYIBS1T	id9T86563SWHZI	100.0	None
idN323FPYIBS1T	id3D9JJDT6B0RL	id9T86563SWHZI	100.0	None
187.0	idV01V1KPIGE5Q	id4R45C3X3LR8I	100.0	7.0
idV01V1KPIGE5Q	187.0	id4R45C3X3LR8I	100.0	None
idFP1U6S4YH70F	idM5NFHCTONQFI	id6P67QAIEW2J0	110.66666666666669	None
idM5NFHCTONQFI	idFP1U6S4YH70F	id6P67QAIEW2J0	110.66666666666669	None
8.0	id8SRX86SM5FAE	idVUXLT58P5C9Q	84.0	1.0
id8SRX86SM5FAE	8.0	idVUXLT58P5C9Q	84.0	None
48.0	idY84JPZEW550X	id3EFJEPFI3UPY	200.0	1.0
idY84JPZEW550X	48.0	id3EFJEPFI3UPY	200.0	None
idKC69P40S0U4H	idR1LJCF9DOOK9	id49XPY0MSNMOT	76.75	None
idR1LJCF9DOOK9	idKC69P40S0U4H	id49XPY0MSNMOT	76.75	None
160.0	id1M33G7TEJDVM	idGWGGVLUF11QV	98.0	3.0
id1M33G7TEJDVM	160.0	idGWGGVLUF11QV	98.0	None
183.0	182.0	idXO0NEJKII2CU	28.0	6.0
182.0	183.0	idXO0NEJKII2CU	28.0	6.0
112.0	idKN8U9A7LMH95	id4BH24P35214D	64.0	2.0
idKN8U9A7LMH95	112.0	id4BH24P35214D	64.0	None
188.0	104.0	idKNZNMHUADZ1L	128.0	7.0
104.0	188.0	idKNZNMHUADZ1L	128.0	2.0
194.0	idZ3LMZCSADCD2	id41LUMDVE1HQR	32.0	7.0
idZ3LMZCSADCD2	194.0	id41LUMDVE1HQR	32.0	None
207.0	idFVS11Q7S3D1R	idYYENAXFJS0RC	120.0	7.0
idFVS11Q7S3D1R	207.0	idYYENAXFJS0RC	120.0	None
192.0	idXHIWHDCJU5HW	idIILA3HN1ZK9Y	84.0	7.0
idXHIWHDCJU5HW	192.0	idIILA3HN1ZK9Y	84.0	None
209.0	idXA2DSMM0TEBU	id2X10C41TWLI5	34.0	7.0
idXA2DSMM0TEBU	209.0	id2X10C41TWLI5	34.0	None
191.0	197.0	idAMS36BHMD5LJ	8.0	7.0
197.0	191.0	idAMS36BHMD5LJ	8.0	7.0
178.0	179.0	idD299WK7W2PZX	48.0	6.0
179.0	178.0	idD299WK7W2PZX	48.0	6.0
176.0	idM08SL0O38ZDH	idMUOVBP4WGECK	92.0	6.0
idM08SL0O38ZDH	176.0	idMUOVBP4WGECK	92.0	None
id1R2G5BUO2UEC	idBRSID48UIPUX	idPPEO1V4LM2CH	84.25	None
idBRSID48UIPUX	id1R2G5BUO2UEC	idPPEO1V4LM2CH	84.25	None
id3K61JDGPE91O	idCUAL7F2U0WM7	id1UXTXQEC1TKQ	97.47692307692307	None
idCUAL7F2U0WM7	id3K61JDGPE91O	id1UXTXQEC1TKQ	97.47692307692307	None
idXSPRY22TIJT1	idG40GCQJB4500	idIKU4DCLSBB39	106.5	None
idG40GCQJB4500	idXSPRY22TIJT1	idIKU4DCLSBB39	106.5	None
idQTSH4912JX6C	id9HCCX7T18WHW	id21Z83AGK8CGN	79.12820512820514	None
id9HCCX7T18WHW	idQTSH4912JX6C	id21Z83AGK8CGN	79.12820512820514	None
42.0	idWWB8NITYZNEV	idEXUB9LZFJE23	90.0	1.0
idWWB8NITYZNEV	42.0	idEXUB9LZFJE23	90.0	None
46.0	idTH3Q0KNFL7D3	idSSV2TXFTY344	134.0	1.0
idTH3Q0KNFL7D3	46.0	idSSV2TXFTY344	134.0	None
99.0	idOIOXZQ8HKLJA	idT022ZK8A3VH2	90.0	2.0
idOIOXZQ8HKLJA	99.0	idT022ZK8A3VH2	90.0	None
idRA7TJ7FS89PA	idNTXS8L14CO6A	idIEOMH2OKBEJU	103.33333333333331	None
idNTXS8L14CO6A	idRA7TJ7FS89PA	idIEOMH2OKBEJU	103.33333333333331	None
id2LAHS39W32UH	idH99HB2Y8G77G	idKF77HDK98BBM	84.80000000000001	None
idH99HB2Y8G77G	id2LAHS39W32UH	idKF77HDK98BBM	84.80000000000001	None
52.0	idD96MSWUCLHJ2	id3D9JJDT6B0RL	28.0	1.0
idD96MSWUCLHJ2	52.0	id3D9JJDT6B0RL	28.0	None
154.0	145.0	idN323FPYIBS1T	48.0	3.0
145.0	154.0	idN323FPYIBS1T	48.0	2.0
161.0	id3MUF49BL0S5R	idV01V1KPIGE5Q	96.0	3.0
id3MUF49BL0S5R	161.0	idV01V1KPIGE5Q	96.0	None
135.0	60.0	idFP1U6S4YH70F	128.0	2.0
60.0	135.0	idFP1U6S4YH70F	128.0	1.0
120.0	id2WJKF9Y5YBKR	idM5NFHCTONQFI	56.0	2.0
id2WJKF9Y5YBKR	120.0	idM5NFHCTONQFI	56.0	None
70.0	186.0	id8SRX86SM5FAE	76.0	2.0
186.0	70.0	id8SRX86SM5FAE	76.0	7.0
idOZ7J5XLSJIO0	idBA41OWSJDQ5C	idY84JPZEW550X	173.0	None
idBA41OWSJDQ5C	idOZ7J5XLSJIO0	idY84JPZEW550X	173.0	None
idAILIL1IFTBI6	idI86PUOXDNP80	idKC69P40S0U4H	53.866666666666674	None
idI86PUOXDNP80	idAILIL1IFTBI6	idKC69P40S0U4H	53.866666666666674	None
64.0	62.0	idR1LJCF9DOOK9	20.0	1.0
62.0	64.0	idR1LJCF9DOOK9	20.0	1.0
90.0	96.0	id1M33G7TEJDVM	44.0	2.0
96.0	90.0	id1M33G7TEJDVM	44.0	2.0
idN0USHPEGYBV4	idZXO1D4KZ0TCK	idKN8U9A7LMH95	73.0	None
idZXO1D4KZ0TCK	idN0USHPEGYBV4	idKN8U9A7LMH95	73.0	None
203.0	idZEVV90ZM31U5	idZ3LMZCSADCD2	28.0	7.0
idZEVV90ZM31U5	203.0	idZ3LMZCSADCD2	28.0	None
184.0	180.0	idFVS11Q7S3D1R	136.0	6.0
180.0	184.0	idFVS11Q7S3D1R	136.0	6.0
195.0	idBMVYNC94Q3KQ	idXHIWHDCJU5HW	126.0	7.0
idBMVYNC94Q3KQ	195.0	idXHIWHDCJU5HW	126.0	None
208.0	181.0	idXA2DSMM0TEBU	68.0	7.0
181.0	208.0	idXA2DSMM0TEBU	68.0	6.0
127.0	idWDFWHATBPDQS	idM08SL0O38ZDH	96.0	2.0
idWDFWHATBPDQS	127.0	idM08SL0O38ZDH	96.0	None
138.0	id47T1MM999Z7Z	id1R2G5BUO2UEC	102.85714285714283	2.0
id47T1MM999Z7Z	138.0	id1R2G5BUO2UEC	102.85714285714283	None
idI75SA8MT1ETG	idYMZ0OVYELILP	idBRSID48UIPUX	46.0	None
idYMZ0OVYELILP	idI75SA8MT1ETG	idBRSID48UIPUX	46.0	None
id7WOCOL2JVNTV	idHK90BL2IXPGE	id3K61JDGPE91O	106.90909090909093	None
idHK90BL2IXPGE	id7WOCOL2JVNTV	id3K61JDGPE91O	106.90909090909093	None
92.0	idJH7XQ0XPMKIH	idCUAL7F2U0WM7	120.0	2.0
idJH7XQ0XPMKIH	92.0	idCUAL7F2U0WM7	120.0	None
id6WO6EMFMAGW9	id15PBXASUJG5Z	idXSPRY22TIJT1	56.0	None
id15PBXASUJG5Z	id6WO6EMFMAGW9	idXSPRY22TIJT1	56.0	None
id1NNT3Q7DJBO2	idMNPVTBHNJGQ2	idG40GCQJB4500	52.0	None
idMNPVTBHNJGQ2	id1NNT3Q7DJBO2	idG40GCQJB4500	52.0	None
20.0	idMLQEE05Y1UJM	idQTSH4912JX6C	128.66666666666669	1.0
idMLQEE05Y1UJM	20.0	idQTSH4912JX6C	128.66666666666669	None
id6O3Q40QI30LM	id0H94T58S1KI5	id9HCCX7T18WHW	55.0	None
id0H94T58S1KI5	id6O3Q40QI30LM	id9HCCX7T18WHW	55.0	None
29.0	id7F3JD6RKIYOJ	idWWB8NITYZNEV	62.666666666666686	1.0
id7F3JD6RKIYOJ	29.0	idWWB8NITYZNEV	62.666666666666686	None
126.0	125.0	idTH3Q0KNFL7D3	92.0	2.0
125.0	126.0	idTH3Q0KNFL7D3	92.0	2.0
155.0	22.0	idOIOXZQ8HKLJA	68.0	3.0
22.0	155.0	idOIOXZQ8HKLJA	68.0	1.0
idXTDDUH8FSBIZ	idBKJ7OI1V5J5L	idRA7TJ7FS89PA	96.0	None
idBKJ7OI1V5J5L	idXTDDUH8FSBIZ	idRA7TJ7FS89PA	96.0	None
id35O1MEV17IA6	idUHSM4K0L25UO	idNTXS8L14CO6A	110.0	None
idUHSM4K0L25UO	id35O1MEV17IA6	idNTXS8L14CO6A	110.0	None
119.0	idG39DFVC5YB0L	id2LAHS39W32UH	54.0	2.0
idG39DFVC5YB0L	119.0	id2LAHS39W32UH	54.0	None
idJ3RMDXPNX78P	idU9NJN45WWJDX	idH99HB2Y8G77G	69.66666666666669	None
idU9NJN45WWJDX	idJ3RMDXPNX78P	idH99HB2Y8G77G	69.66666666666669	None
54.0	53.0	idD96MSWUCLHJ2	8.0	1.0
53.0	54.0	idD96MSWUCLHJ2	8.0	1.0
156.0	35.0	id3MUF49BL0S5R	40.0	3.0
35.0	156.0	id3MUF49BL0S5R	40.0	1.0
115.0	132.0	id2WJKF9Y5YBKR	40.0	2.0
132.0	115.0	id2WJKF9Y5YBKR	40.0	2.0
65.0	17.0	idOZ7J5XLSJIO0	80.0	1.0
17.0	65.0	idOZ7J5XLSJIO0	80.0	1.0
18.0	id8B0113Y2E28L	idBA41OWSJDQ5C	126.39999999999998	1.0
id8B0113Y2E28L	18.0	idBA41OWSJDQ5C	126.39999999999998	None
47.0	id6XVGMVE3C8J3	idAILIL1IFTBI6	69.0	1.0
id6XVGMVE3C8J3	47.0	idAILIL1IFTBI6	69.0	None
43.0	id10DX0JW0QBYK	idI86PUOXDNP80	26.0	1.0
id10DX0JW0QBYK	43.0	idI86PUOXDNP80	26.0	None
111.0	105.0	idN0USHPEGYBV4	32.0	2.0
105.0	111.0	idN0USHPEGYBV4	32.0	2.0
110.0	166.0	idZXO1D4KZ0TCK	128.0	2.0
166.0	110.0	idZXO1D4KZ0TCK	128.0	5.0
205.0	193.0	idZEVV90ZM31U5	0.0	7.0
193.0	205.0	idZEVV90ZM31U5	0.0	7.0
196.0	201.0	idBMVYNC94Q3KQ	212.0	7.0
201.0	196.0	idBMVYNC94Q3KQ	212.0	7.0
128.0	174.0	idWDFWHATBPDQS	88.0	2.0
174.0	128.0	idWDFWHATBPDQS	88.0	5.0
89.0	idJ0ZOS0CEB2PY	id47T1MM999Z7Z	90.66666666666669	2.0
idJ0ZOS0CEB2PY	89.0	id47T1MM999Z7Z	90.66666666666669	None
12.0	142.0	idI75SA8MT1ETG	44.0	1.0
142.0	12.0	idI75SA8MT1ETG	44.0	2.0
94.0	10.0	idYMZ0OVYELILP	32.0	2.0
10.0	94.0	idYMZ0OVYELILP	32.0	1.0
idNADE8SF9R8AE	idM3JQC2A6ZXRD	id7WOCOL2JVNTV	64.14285714285717	None
idM3JQC2A6ZXRD	idNADE8SF9R8AE	id7WOCOL2JVNTV	64.14285714285717	None
80.0	185.0	idHK90BL2IXPGE	132.0	2.0
185.0	80.0	idHK90BL2IXPGE	132.0	7.0
idD9EO8F7JCGZA	idTTJU5BX8YNPR	idJH7XQ0XPMKIH	28.0	None
idTTJU5BX8YNPR	idD9EO8F7JCGZA	idJH7XQ0XPMKIH	28.0	None
122.0	93.0	id6WO6EMFMAGW9	52.0	2.0
93.0	122.0	id6WO6EMFMAGW9	52.0	2.0
6.0	4.0	id15PBXASUJG5Z	44.0	1.0
4.0	6.0	id15PBXASUJG5Z	44.0	1.0
56.0	7.0	id1NNT3Q7DJBO2	56.0	1.0
7.0	56.0	id1NNT3Q7DJBO2	56.0	1.0
9.0	136.0	idMNPVTBHNJGQ2	24.0	1.0
136.0	9.0	idMNPVTBHNJGQ2	24.0	2.0
idRVJQH9Q2NKNS	idVPNHN5Q1KNKE	idMLQEE05Y1UJM	67.22222222222223	None
idVPNHN5Q1KNKE	idRVJQH9Q2NKNS	idMLQEE05Y1UJM	67.22222222222223	None
13.0	idXBV495OXS229	id6O3Q40QI30LM	61.333333333333314	1.0
idXBV495OXS229	13.0	id6O3Q40QI30LM	61.333333333333314	None
15.0	31.0	id0H94T58S1KI5	52.0	1.0
31.0	15.0	id0H94T58S1KI5	52.0	1.0
141.0	id7OM7KZ70HXGD	id7F3JD6RKIYOJ	34.0	2.0
id7OM7KZ70HXGD	141.0	id7F3JD6RKIYOJ	34.0	None
idHNBGFNZWTF0A	idD36H9101QBGF	idXTDDUH8FSBIZ	74.39999999999998	None
idD36H9101QBGF	idHNBGFNZWTF0A	idXTDDUH8FSBIZ	74.39999999999998	None
76.0	150.0	idBKJ7OI1V5J5L	84.0	2.0
150.0	76.0	idBKJ7OI1V5J5L	84.0	3.0
116.0	114.0	id35O1MEV17IA6	52.0	2.0
114.0	116.0	id35O1MEV17IA6	52.0	2.0
26.0	19.0	idUHSM4K0L25UO	108.0	1.0
19.0	26.0	idUHSM4K0L25UO	108.0	1.0
84.0	idAH75PVH8OOMD	idG39DFVC5YB0L	57.333333333333314	2.0
idAH75PVH8OOMD	84.0	idG39DFVC5YB0L	57.333333333333314	None
82.0	idEWTVR1MAQNXY	idJ3RMDXPNX78P	55.19999999999999	2.0
idEWTVR1MAQNXY	82.0	idJ3RMDXPNX78P	55.19999999999999	None
134.0	58.0	idU9NJN45WWJDX	36.0	2.0
58.0	134.0	idU9NJN45WWJDX	36.0	1.0
45.0	idIEJFIQQT47E7	id8B0113Y2E28L	103.0	1.0
idIEJFIQQT47E7	45.0	id8B0113Y2E28L	103.0	None
39.0	idD3UE7LR7XA1M	id6XVGMVE3C8J3	60.0	1.0
idD3UE7LR7XA1M	39.0	id6XVGMVE3C8J3	60.0	None
157.0	63.0	id10DX0JW0QBYK	20.0	3.0
63.0	157.0	id10DX0JW0QBYK	20.0	1.0
idA95LSIQNK7R1	idYGFSBEDGOJRN	idJ0ZOS0CEB2PY	54.0	None
idYGFSBEDGOJRN	idA95LSIQNK7R1	idJ0ZOS0CEB2PY	54.0	None
idW9KG94F3CYUO	idZHRDHN6Q79WM	idNADE8SF9R8AE	60.0	None
idZHRDHN6Q79WM	idW9KG94F3CYUO	idNADE8SF9R8AE	60.0	None
idVZD8LSZ9KTS1	id7AYKH3V1R0HG	idM3JQC2A6ZXRD	39.60000000000002	None
id7AYKH3V1R0HG	idVZD8LSZ9KTS1	idM3JQC2A6ZXRD	39.60000000000002	None
88.0	143.0	idD9EO8F7JCGZA	44.0	2.0
143.0	88.0	idD9EO8F7JCGZA	44.0	2.0
83.0	77.0	idTTJU5BX8YNPR	12.0	2.0
77.0	83.0	idTTJU5BX8YNPR	12.0	2.0
idHP7D0HSP6KPM	id0XYZX69DIFZT	idRVJQH9Q2NKNS	44.5	None
id0XYZX69DIFZT	idHP7D0HSP6KPM	idRVJQH9Q2NKNS	44.5	None
idMUD0B1M0UQH8	idAO3R9TT2AL50	idVPNHN5Q1KNKE	58.666666666666686	None
idAO3R9TT2AL50	idMUD0B1M0UQH8	idVPNHN5Q1KNKE	58.666666666666686	None
23.0	idOAANRC3HP3Z6	idXBV495OXS229	34.0	1.0
idOAANRC3HP3Z6	23.0	idXBV495OXS229	34.0	None
124.0	24.0	id7OM7KZ70HXGD	36.0	2.0
24.0	124.0	id7OM7KZ70HXGD	36.0	1.0
3.0	idMK4L1OUS13DV	idHNBGFNZWTF0A	57.0	1.0
idMK4L1OUS13DV	3.0	idHNBGFNZWTF0A	57.0	None
85.0	113.0	idD36H9101QBGF	72.0	2.0
113.0	85.0	idD36H9101QBGF	72.0	2.0
78.0	id61DXHFUBCHN4	idAH75PVH8OOMD	48.0	2.0
id61DXHFUBCHN4	78.0	idAH75PVH8OOMD	48.0	None
idURHHBDR98KEZ	id89SRHK24LAKQ	idEWTVR1MAQNXY	47.333333333333314	None
id89SRHK24LAKQ	idURHHBDR98KEZ	idEWTVR1MAQNXY	47.333333333333314	None
49.0	idPB74JBGAEUHX	idIEJFIQQT47E7	124.0	1.0
idPB74JBGAEUHX	49.0	idIEJFIQQT47E7	124.0	None
38.0	idGZPLSBIL90W8	idD3UE7LR7XA1M	90.0	1.0
idGZPLSBIL90W8	38.0	idD3UE7LR7XA1M	90.0	None
98.0	idKGL4MLKPBUGR	idA95LSIQNK7R1	48.0	2.0
idKGL4MLKPBUGR	98.0	idA95LSIQNK7R1	48.0	None
97.0	14.0	idYGFSBEDGOJRN	60.0	2.0
14.0	97.0	idYGFSBEDGOJRN	60.0	1.0
72.0	91.0	idW9KG94F3CYUO	64.0	2.0
91.0	72.0	idW9KG94F3CYUO	64.0	2.0
86.0	81.0	idZHRDHN6Q79WM	24.0	2.0
81.0	86.0	idZHRDHN6Q79WM	24.0	2.0
idMIL7RJ9ISD2V	idZ2N17A5J2US7	idVZD8LSZ9KTS1	32.0	None
idZ2N17A5J2US7	idMIL7RJ9ISD2V	idVZD8LSZ9KTS1	32.0	None
75.0	74.0	id7AYKH3V1R0HG	4.0	2.0
74.0	75.0	id7AYKH3V1R0HG	4.0	2.0
idVQBQB2QBA2EK	id9BTSN97ZBE1P	idHP7D0HSP6KPM	40.0	None
id9BTSN97ZBE1P	idVQBQB2QBA2EK	idHP7D0HSP6KPM	40.0	None
25.0	32.0	id0XYZX69DIFZT	32.0	1.0
32.0	25.0	id0XYZX69DIFZT	32.0	1.0
30.0	idZ8SLVIWLOHI6	idMUD0B1M0UQH8	56.0	1.0
idZ8SLVIWLOHI6	30.0	idMUD0B1M0UQH8	56.0	None
41.0	idSJ5S9CXB8WJN	idAO3R9TT2AL50	30.0	1.0
idSJ5S9CXB8WJN	41.0	idAO3R9TT2AL50	30.0	None
27.0	57.0	idOAANRC3HP3Z6	28.0	1.0
57.0	27.0	idOAANRC3HP3Z6	28.0	1.0
59.0	idEW54W78RYYUE	idMK4L1OUS13DV	58.666666666666686	1.0
idEW54W78RYYUE	59.0	idMK4L1OUS13DV	58.666666666666686	None
1.0	2.0	id61DXHFUBCHN4	80.0	1.0
2.0	1.0	id61DXHFUBCHN4	80.0	1.0
87.0	73.0	idURHHBDR98KEZ	56.0	2.0
73.0	87.0	idURHHBDR98KEZ	56.0	2.0
140.0	idRVTB1VTDY1F9	id89SRHK24LAKQ	32.0	2.0
idRVTB1VTDY1F9	140.0	id89SRHK24LAKQ	32.0	None
158.0	idF0Z95UVY61QU	idPB74JBGAEUHX	162.0	3.0
idF0Z95UVY61QU	158.0	idPB74JBGAEUHX	162.0	None
21.0	162.0	idGZPLSBIL90W8	64.0	1.0
162.0	21.0	idGZPLSBIL90W8	64.0	3.0
33.0	id6ZRTW7PD859P	idKGL4MLKPBUGR	20.0	1.0
id6ZRTW7PD859P	33.0	idKGL4MLKPBUGR	20.0	None
121.0	137.0	idMIL7RJ9ISD2V	16.0	2.0
137.0	121.0	idMIL7RJ9ISD2V	16.0	2.0
79.0	idSEBB4HCG6EOE	idZ2N17A5J2US7	32.0	2.0
idSEBB4HCG6EOE	79.0	idZ2N17A5J2US7	32.0	None
40.0	44.0	idVQBQB2QBA2EK	16.0	1.0
44.0	40.0	idVQBQB2QBA2EK	16.0	1.0
11.0	16.0	id9BTSN97ZBE1P	32.0	1.0
16.0	11.0	id9BTSN97ZBE1P	32.0	1.0
100.0	55.0	idZ8SLVIWLOHI6	48.0	2.0
55.0	100.0	idZ8SLVIWLOHI6	48.0	1.0
37.0	34.0	idSJ5S9CXB8WJN	16.0	1.0
34.0	37.0	idSJ5S9CXB8WJN	16.0	1.0
147.0	idVOX0QHG1ICLD	idEW54W78RYYUE	44.0	3.0
idVOX0QHG1ICLD	147.0	idEW54W78RYYUE	44.0	None
123.0	118.0	idRVTB1VTDY1F9	36.0	2.0
118.0	123.0	idRVTB1VTDY1F9	36.0	2.0
163.0	133.0	idF0Z95UVY61QU	100.0	5.0
133.0	163.0	idF0Z95UVY61QU	100.0	2.0
28.0	149.0	id6ZRTW7PD859P	16.0	1.0
149.0	28.0	id6ZRTW7PD859P	16.0	3.0
5.0	139.0	idSEBB4HCG6EOE	24.0	1.0
139.0	5.0	idSEBB4HCG6EOE	24.0	2.0
153.0	148.0	idVOX0QHG1ICLD	48.0	3.0
148.0	153.0	idVOX0QHG1ICLD	48.0	3.0
